disciplines/computerscience	https://raw.githubusercontent.com/emmo-repo/EMMO/1.0.3/disciplines/computerscience.ttl	56e3a2ba0ed96ebf95d5f493ce8521f76151009404bac69e4d91451bff303c9f	48466	411	0	0	(seed)
disciplines/isq	https://raw.githubusercontent.com/emmo-repo/EMMO/1.0.3/disciplines/isq.ttl	d92c0f4e6ea419149b0015f19177d48f7b7d4639efd57d5a1c515ac0a4213e70	671719	5517	0	0	(seed)
disciplines/manufacturing	https://raw.githubusercontent.com/emmo-repo/EMMO/1.0.3/disciplines/manufacturing.ttl	e70a9d5516f87c52c298cc7567049f425253a2a7054f0fdb08b4011fc0b796bd	124281	1159	0	0	(seed)
disciplines/math	https://raw.githubusercontent.com/emmo-repo/EMMO/1.0.3/disciplines/math.ttl	8125580d0b9996b0b842e73bdd1151c5357c0ddbe9a67a36fcaa1484e23b4dc8	37273	318	0	0	(seed)
disciplines/metrology	https://raw.githubusercontent.com/emmo-repo/EMMO/1.0.3/disciplines/metrology.ttl	669bd5f36f1af6a1316d345dec2ab09af4d908d0ae87472f2a11e1ec4b4e10d2	85859	635	0	0	(seed)
disciplines/models	https://raw.githubusercontent.com/emmo-repo/EMMO/1.0.3/disciplines/models.ttl	cdb1288e75af33d383017c8dbe594c59d5894d73252d3ae326cb57e91493c913	34242	277	0	0	(seed)
perspectives/holistic	https://raw.githubusercontent.com/emmo-repo/EMMO/1.0.3/perspectives/holistic.ttl	7fe47313c13ca49d68a7015b7d13db49eb6ae393bf93a913bf72eef4fe672435	18361	117	0	0	(seed)
perspectives/persistence	https://raw.githubusercontent.com/emmo-repo/EMMO/1.0.3/perspectives/persistence.ttl	b5ea97c22226bb340a8903a4d6b66d2df8485da5aa7009216a6f03b71bff021e	62157	511	0	0	(seed)
perspectives/semiotics	https://raw.githubusercontent.com/emmo-repo/EMMO/1.0.3/perspectives/semiotics.ttl	93313258730c6f203529638ba5b547eb503a72bbae5811af141fdce198d40865	105044	837	0	0	(seed)
reference/data	https://raw.githubusercontent.com/emmo-repo/EMMO/1.0.3/reference/data.ttl	6e2cc83cd69075e76d97a54d5600c3ad25103ebd9337de2fddce8a1922095476	11187	79	0	0	(seed)
reference/persholistic	https://raw.githubusercontent.com/emmo-repo/EMMO/1.0.3/reference/persholistic.ttl	1c130ebaf791d765e92df08e5669b61225333218b5236d2a55037b74997bdb08	11023	86	0	0	(seed)
reference/workflow	https://raw.githubusercontent.com/emmo-repo/EMMO/1.0.3/reference/workflow.ttl	7e158bd1b5fa6164e969994aaf0296ca9e9a1f495d18585d4d688ba22c6f27d1	22356	171	0	0	(seed)
reference/symbolic	https://raw.githubusercontent.com/emmo-repo/EMMO/1.0.3/reference/symbolic.ttl	032e22b0308debfca23dd2a712e94d9583e48b030ccd69a70953f36c7f0bfa49	43940	384	0	0	disciplines/computerscience
disciplines/materials	https://raw.githubusercontent.com/emmo-repo/EMMO/1.0.3/disciplines/materials.ttl	ac8ca61d745ffc2166328c6d49aff4729d8307445e2b041537b248c23040cbd8	55530	449	0	0	disciplines/isq
disciplines/units/sidimensionalunits	https://raw.githubusercontent.com/emmo-repo/EMMO/1.0.3/disciplines/units/sidimensionalunits.ttl	0ca065b56e0ecbacac479945741d742ac8f036a2672bb7e85386c4bdc118f961	179420	1651	0	0	disciplines/isq
reference/agency	https://raw.githubusercontent.com/emmo-repo/EMMO/1.0.3/reference/agency.ttl	590f46b8b9269590326ef9347959f2744f41fdb950d5cb7c987f0ab5e886f668	25138	184	0	0	disciplines/manufacturing
perspectives/reductionistic	https://raw.githubusercontent.com/emmo-repo/EMMO/1.0.3/perspectives/reductionistic.ttl	d49fe5fdaac9fa3c678370a4c217ef8f60e0ca9e6404eed0b37374d803ca1d8d	32893	242	0	0	disciplines/math
disciplines/properties	https://raw.githubusercontent.com/emmo-repo/EMMO/1.0.3/disciplines/properties.ttl	e8c02893115ef8068499c07c9760be3e858114eead10ee224ea7255e4dd8421e	5530	39	0	0	disciplines/metrology
perspectives/perspective	https://raw.githubusercontent.com/emmo-repo/EMMO/1.0.3/perspectives/perspective.ttl	58d66ebd04820722bd553dc3934966140f3e263b65b47719947cfb5c13aa3f13	4031	25	0	0	perspectives/holistic
perspectives/contrast	https://raw.githubusercontent.com/emmo-repo/EMMO/1.0.3/perspectives/contrast.ttl	59b9b2462699ca1c411f992cd69033d28ca215a38aa519fd1f685f9340913c41	10038	61	0	0	reference/data
perspectives/structural	https://raw.githubusercontent.com/emmo-repo/EMMO/1.0.3/perspectives/structural.ttl	00e1ac96c4cf1494f64afb7289c4ec9f0c024f5a514c8041cf804d7767ead40e	13846	97	0	0	reference/persholistic
reference/physicalistic	https://raw.githubusercontent.com/emmo-repo/EMMO/1.0.3/reference/physicalistic.ttl	f21d7d382ee6630fb56f4e9f4c80b6d3c5c80d64a165e55f0564c01fefb53fb4	44835	335	0	0	disciplines/materials
foundation/mereocausality	https://raw.githubusercontent.com/emmo-repo/EMMO/1.0.3/foundation/mereocausality.ttl	0491d6c6bf372ed26a3a05fdc447b821d36db4a834feea27489d7fd74abee0d0	123502	1041	0	0	perspectives/perspective
reference/standardmodel	https://raw.githubusercontent.com/emmo-repo/EMMO/1.0.3/reference/standardmodel.ttl	9389cb5abc010004c8c3dda75deae07fe9ed1df65c13d491f831a16b92f89611	15777	111	0	0	reference/physicalistic
contributors	https://raw.githubusercontent.com/emmo-repo/EMMO/1.0.3/contributors.ttl	24fba83f75f62a332beeae5f5fbcdfb2bb64c3c04f8abe296d102ca12428d0e8	4245	63	0	0	foundation/mereocausality
